Name,Department,Designation,Email,Profile Link,Category
Abhik Ganguli,DMS,Assistant Professor,aganguli,https://www.iisermohali.ac.in/faculty/dms/aganguli,Regular Faculty
Abhishek Chaudhuri,DPS,Professor,abhishek,https://www.iisermohali.ac.in/faculty/dps/abhishek,Regular Faculty
Adrene Freeda Dcruz,HSS,Associate Professor,adrene,https://www.iisermohali.ac.in/faculty/hss/adrene,Regular Faculty
Alok Maharana,DMS,Assistant Professor,maharana,https://www.iisermohali.ac.in/faculty/dms/maharana,Regular Faculty
Ambresh Shivaji,DPS,Associate Professor,ashivaji,https://www.iisermohali.ac.in/faculty/dps/ashivaji,Regular Faculty
Amar Deep,DBS,Assistant Professor,amardeep,https://www.iisermohali.ac.in/faculty/dbs/amardeep,Regular Faculty
Amit Kulshrestha,DMS,Professor,amitk,https://www.iisermohali.ac.in/faculty/dms/amitk,Regular Faculty
Ananth Venkatesan,DPS,Associate Professor,ananthv,https://www.iisermohali.ac.in/faculty/dps/ananthv,Regular Faculty
Angshuman Roy Choudhury,DCS,Assistant Professor,angshurc,https://www.iisermohali.ac.in/faculty/dcs/angshurc,Regular Faculty
Anil Kumar Dasanna,DPS,Assistant Professor,adasanna,https://www.iisermohali.ac.in/faculty/dps/adasanna,Regular Faculty
Anil Kumar Tripathi,DBS,Professor,aniltripathi,https://www.iisermohali.ac.in/faculty/dbs/aniltripathi,Regular Faculty
Anoop Ambili,EES,Associate Professor,anoop,https://www.iisermohali.ac.in/faculty/ees/anoop,Regular Faculty
Anu Sabhlok,HSS,Professor,anusablok,https://www.iisermohali.ac.in/faculty/hss/anusabhlok,Regular Faculty
Arghya Mondal,DMS,Assistant Professor,arghyamondal,https://www.iisermohali.ac.in/faculty/dms/arghyamondal,Regular Faculty
Arijit Kumar De,DCS,Associate Professor,akde,https://www.iisermohali.ac.in/faculty/dcs/akde,Regular Faculty
Arunika Mukhopadhaya,DBS,Professor,arunika,https://www.iisermohali.ac.in/faculty/dbs/arunika,Regular Faculty
Arvind,DPS,Professor,arvind,https://www.iisermohali.ac.in/faculty/dps/arvind,Regular Faculty
Arvind Kumar Shakya,EES,Assistant Professor,arvindshakya,https://www.iisermohali.ac.in/faculty/ees/arvindshakya,Regular Faculty
Baerbel Sinha,EES,Professor,bsinha,https://www.iisermohali.ac.in/faculty/ees/bsinha,Regular Faculty
Balanarayan Pananghat,DCS,Associate Professor,balanarayan,https://www.iisermohali.ac.in/faculty/dcs/balanarayan,Regular Faculty
Chanchal Kumar,DMS,Professor,chanchal,https://www.iisermohali.ac.in/faculty/dms/chanchal,Regular Faculty
Chandrakant Sharma Aribam,DMS,Associate Professor,aribam,https://www.iisermohali.ac.in/faculty/dms/aribam,Regular Faculty
Chandrakanta Ojha,EES,Assistant Professor,chandrakanta,https://www.iisermohali.ac.in/faculty/ees/chandrakanta,Regular Faculty
Chetan Tukaram Balwe,DMS,Associate Professor,cbalwe,https://www.iisermohali.ac.in/faculty/dms/cbalwe,Regular Faculty
Debashis Adhikari,DCS,Associate Professor,adhikari,https://www.iisermohali.ac.in/faculty/dcs/adhikari,Regular Faculty
Debdulal Saha,HSS,Assistant Professor,debdulals,https://www.iisermohali.ac.in/faculty/hss/debdulals,Regular Faculty
Dipanjan Chakraborty,DPS,Associate Professor,chakraborty,https://www.iisermohali.ac.in/faculty/dps/chakraborty,Regular Faculty
Eswaraiah Chakali,DPS,Assistant Professor,eswaraiahc,https://www.iisermohali.ac.in/faculty/dps/eswaraiahc,Regular Faculty
Goutam Sheet,DPS,Professor,goutam,https://www.iisermohali.ac.in/faculty/dps/goutam,Regular Faculty
Harvinder Kaur Jassal,DPS,Professor,hkjassal,https://www.iisermohali.ac.in/faculty/dps/hkjassal,Regular Faculty
Hasan Mohammad,DBS,Assistant Professor,hasan,https://www.iisermohali.ac.in/faculty/dbs/hasan,Regular Faculty
Indranil Banerjee,DBS,Associate Professor,indranil,https://www.iisermohali.ac.in/faculty/dbs/indranil,Regular Faculty
Jasjeet Singh Bagla,DPS,Professor,jasjeet,https://www.iisermohali.ac.in/faculty/dps/jasjeet,Regular Faculty
Jino George,DCS,Associate Professor,jgeorge,https://www.iisermohali.ac.in/faculty/dcs/jgeorge,Regular Faculty
Jogender Singh,DBS,Assistant Professor,jogender,https://www.iisermohali.ac.in/faculty/dbs/jogender,Regular Faculty
Jotsaroop Kaur,DMS,Assistant Professor,jotsaroop,https://www.iisermohali.ac.in/faculty/dms/jotsaroop,Regular Faculty
Jyotima Kanaujia,EES,Assistant Professor,Jyotima,https://www.iisermohali.ac.in/faculty/ees/jyotima,Regular Faculty
Kausik Chattopadhyay,DBS,Professor,kausik,https://www.iisermohali.ac.in/faculty/dbs/kausik,Regular Faculty
Kamal Priya Singh,DPS,Professor,kpsingh,https://www.iisermohali.ac.in/faculty/dps/kpsingh,Regular Faculty
K. P. Yogendran,DPS,Assistant Professor,yogendran,https://www.iisermohali.ac.in/faculty/dps/yogendran,Regular Faculty
K. R. Shamasundar,DCS,Assistant Professor,krsham,https://www.iisermohali.ac.in/faculty/dcs/krsham,Regular Faculty
Kavita Dorai,DPS,Professor,kavita,https://www.iisermohali.ac.in/faculty/dps/kavita,Regular Faculty
Kinjalk Lochan,DPS,Associate Professor,kinjalk,https://www.iisermohali.ac.in/faculty/dps/kinjalk,Regular Faculty
Krishnendu Gongopadhyay,DMS,Professor,krishnendu,https://www.iisermohali.ac.in/faculty/hss/krishnendu,Regular Faculty
Kritika M. Garg,DBS,Assistant Professor,kritikamgarg,https://www.iisermohali.ac.in/faculty/dbs/kritikamgarg,Regular Faculty
Kuduva R. Vignesh,DCS,Assistant Professor,vigneshkuduvar,https://www.iisermohali.ac.in/faculty/dcs/vigneshkuduvar,Regular Faculty
Kuljeet Sandhu,DBS,Associate Professor,sandhuks,https://www.iisermohali.ac.in/faculty/dbs/sandhuks,Regular Faculty
Lingaraj Sahu,DMS,Associate Professor,lingaraj,https://www.iisermohali.ac.in/faculty/dms/lingaraj,Regular Faculty
Lolitika Mandal,DBS,Professor,lolitika,https://www.iisermohali.ac.in/faculty/dbs/lolitika,Regular Faculty
Mahak Sharma,DBS,Professor,msharma,https://www.iisermohali.ac.in/faculty/dbs/msharma,Regular Faculty
Mahender Singh,DMS,Professor,mahender,https://www.iisermohali.ac.in/faculty/dms/mahender,Regular Faculty
Manabendra Nath Bera,DPS,Assistant Professor,mnbera,https://www.iisermohali.ac.in/faculty/dps/mnbera,Regular Faculty
Mandip Singh,DPS,Associate Professor,mandip,https://www.iisermohali.ac.in/faculty/dps/mandip,Regular Faculty
Manjari Jain,DBS,Associate Professor,manjari,https://www.iisermohali.ac.in/faculty/dbs/manjari,Regular Faculty
Manoj Kumar,EES,Assistant Professor,manojkumar,https://www.iisermohali.ac.in/faculty/ees/manojkumar,Regular Faculty
Mihir Sheth,DMS,Assistant Professor,mihirsheth,https://www.iisermohali.ac.in/faculty/dms/mihirsheth,Regular Faculty
N G Prasad,DBS,Professor,prasad,https://www.iisermohali.ac.in/faculty/dbs/prasad,Regular Faculty
Neeraja Sahasrabudhe,DMS,Assistant Professor,neeraja,https://www.iisermohali.ac.in/faculty/dms/neeraja,Regular Faculty
Pankaj Kushwaha,DPS,Assistant Professor,pankaj.kushwaha,https://www.iisermohali.ac.in/faculty/dps/pankaj-kushwaha,Regular Faculty
Parth R. Chauhan,HSS,Associate Professor,parthrc,https://www.iisermohali.ac.in/faculty/hss/parthrc,Regular Faculty
Philose Koshy,HSS,Assistant Professor,philosek,https://www.iisermohali.ac.in/faculty/hss/philosek,Regular Faculty
Pranab Sardar,DMS,Associate Professor,psardar,https://www.iisermohali.ac.in/faculty/dms/psardar,Regular Faculty
Prasenjit Das,DPS,Assistant Professor,prasenjit.das,https://www.iisermohali.ac.in/faculty/dps/prasenjit-das,Regular Faculty
Pritam Mondal,DCS,Assistant Professor,pritam,https://www.iisermohali.ac.in/faculty/dcs/pritam,Regular Faculty
Pritika,HSS,Assistant Professor,pritikanehra,https://www.iisermohali.ac.in/faculty/hss/pritikanehra,Regular Faculty
Priyakumari C P,DCS,Assistant Professor,cppriyakumari,https://www.iisermohali.ac.in/faculty/dcs/cppriyakumari,Regular Faculty
Purnananda Guptasarma,DBS,Professor,guptasarma,https://www.iisermohali.ac.in/faculty/dbs/guptasarma,Regular Faculty
Ramesh Ramachandran,DCS,Professor,rramesh,https://www.iisermohali.ac.in/faculty/dcs/rramesh,Regular Faculty
R. Vijaya Anand,DCS,Professor,rvijayan,https://www.iisermohali.ac.in/faculty/dcs/rvijayan,Regular Faculty
Rachna Chaba,DBS,Professor,rachnachaba,https://www.iisermohali.ac.in/faculty/dbs/rachnachaba,Regular Faculty
Raj Kumar Roy,DCS,Associate Professor,raj,https://www.iisermohali.ac.in/faculty/dcs/raj,Regular Faculty
Rajeev Kapri,DPS,Professor,rkapri,https://www.iisermohali.ac.in/faculty/dps/rkapri,Regular Faculty
Rajesh Ramachandran,DBS,Professor,rajeshra,https://www.iisermohali.ac.in/faculty/dbs/rajeshra,Regular Faculty
Raju Attada,EES,Associate Professor,rajuattada,https://www.iisermohali.ac.in/faculty/ees/rajuattada,Regular Faculty
Ram Yadav,DBS,Associate Professor,ryadav,https://www.iisermohali.ac.in/faculty/dbs/ryadav,Regular Faculty
Ramandeep Singh Johal,DPS,Professor,rsjohal,https://www.iisermohali.ac.in/faculty/dps/rsjohal,Regular Faculty
Ravi Sureshbhai Devani,DBS,Assistant Professor,ravidevani,https://www.iisermohali.ac.in/faculty/dbs/ravidevani,Regular Faculty
Rhitoban Ray Choudhury,DBS,Associate Professor,rhitoban,https://www.iisermohali.ac.in/faculty/dbs/rhitoban,Regular Faculty
Ritajyoti Bandyopadhyay,HSS,Associate Professor,ritajyoti,https://www.iisermohali.ac.in/faculty/hss/ritajyoti,Regular Faculty
S. S. V. Rama Sastry,DCS,Professor,ramsastry,https://www.iisermohali.ac.in/faculty/dcs/ramsastry,Regular Faculty
S. Arulananda babu,DCS,Professor,sababu,https://www.iisermohali.ac.in/faculty/dcs/sababu,Regular Faculty
Sabyasachi Rakshit,DCS,Associate Professor,srakshit,https://www.iisermohali.ac.in/faculty/dcs/srakshit,Regular Faculty
Sadhan Chandra Das,DBS,Assistant Professor,sadhancdas,https://www.iisermohali.ac.in/faculty/dbs/sadhancdas,Regular Faculty
Samarjit Bhattacharyya,DBS,Professor,samarjit,https://www.iisermohali.ac.in/faculty/dbs/samarjit,Regular Faculty
Samir Kumar Biswas,DPS,Associate Professor,skbiswas,https://www.iisermohali.ac.in/faculty/dps/skbiswas,Regular Faculty
Samrat Ghosh,DCS,Assistant Professor,samrat,https://www.iisermohali.ac.in/faculty/dcs/samrat,Regular Faculty
Samrat Mukhopadhyay,DBS,Professor,mukhopadhyay,https://www.iisermohali.ac.in/faculty/dcs/mukhopadhyay,Regular Faculty
Sajal Kumar Giri,DCS,Assistant Professor,sajal,https://www.iisermohali.ac.in/faculty/dcs/sajal,Regular Faculty
Sanjay Mandal,DCS,Professor,sanjaymandal,https://www.iisermohali.ac.in/faculty/dcs/sanjaymandal,Regular Faculty
Sanchita Sengupta,DCS,Associate Professor,sanchita,https://www.iisermohali.ac.in/faculty/dcs/sanchita,Regular Faculty
Sandeep K. Goyal,DPS,Associate Professor,skgoyal,https://www.iisermohali.ac.in/faculty/dps/skgoyal,Regular Faculty
Sanjay Singh,DCS,Professor,sanjaysingh,https://www.iisermohali.ac.in/faculty/dcs/sanjaysingh,Regular Faculty
Sanjeev Kumar,DPS,Professor,sanjeev,https://www.iisermohali.ac.in/faculty/dps/sanjeev,Regular Faculty
Santanu Kumar Pal,DCS,Professor,skpal,https://www.iisermohali.ac.in/faculty/dcs/skpal,Regular Faculty
Santhosh Kumar Pamula,DMS,Assistant Professor,santhoshkp,https://www.iisermohali.ac.in/faculty/dms/santhoshkp,Regular Faculty
Santosh B. Satbhai,DBS,Associate Professor,ssatbhai,https://www.iisermohali.ac.in/faculty/dbs/ssatbhai,Regular Faculty
Satyajit Jena,DPS,Associate Professor,sjena,https://www.iisermohali.ac.in/faculty/dps/sjena,Regular Faculty
Shane D'Mello,DMS,Assistant Professor,shane,https://www.iisermohali.ac.in/faculty/dms/shane,Regular Faculty
Sharmila Bhattacharya,EES,Assistant Professor,sbhattacharya,https://www.iisermohali.ac.in/faculty/ees/sbhattacharya,Regular Faculty
Sharvan Sehrawat,DBS,Associate Professor,sharvan,https://www.iisermohali.ac.in/faculty/dbs/sharvan,Regular Faculty
Shashi Bhushan Pandit,DBS,Associate Professor,shashibp,https://www.iisermohali.ac.in/faculty/dbs/shashibp,Regular Faculty
Shravan Kumar Mishra,DBS,Associate Professor,skmishra,https://www.iisermohali.ac.in/faculty/dbs/skmishra,Regular Faculty
Soma Maity,DMS,Assistant Professor,somamaity,https://www.iisermohali.ac.in/faculty/dms/somamaity,Regular Faculty
Sourabh Bhattacharya,EES,Assistant Professor,sourabh,https://www.iisermohali.ac.in/faculty/ees/sourabh,Regular Faculty
Subhabrata Maiti,DCS,Associate Professor,smaiti,https://www.iisermohali.ac.in/faculty/dcs/smaiti,Regular Faculty
Sudeshna Sinha,DPS,Professor,sudeshna,https://www.iisermohali.ac.in/faculty/dps/sudeshna,Regular Faculty
Sudip Mandal,DBS,Professor,sudip,https://www.iisermohali.ac.in/faculty/dbs/sudip,Regular Faculty
Sugumar Venkataramani,DCS,Associate Professor,sugumarv,https://www.iisermohali.ac.in/faculty/dcs/sugumarv,Regular Faculty
Suman Kumar Barman,DCS,Assistant Professor,skb,https://www.iisermohali.ac.in/faculty/dcs/skb,Regular Faculty
Sunil A. Patil,EES,Associate Professor,sunil,https://www.iisermohali.ac.in/faculty/ees/sunil,Regular Faculty
Tanusree Khandai,DMS,Assistant Professor,tanusree,https://www.iisermohali.ac.in/faculty/dms/tanusree,Regular Faculty
Tripta Bhatia,DPS,Assistant Professor,triptabhatia,https://www.iisermohali.ac.in/faculty/dps/triptabhatia,Regular Faculty
Ujjal K. Gautam,DCS,Associate Professor,ujjalgautam,https://www.iisermohali.ac.in/faculty/dcs/ujjalgautam,Regular Faculty
V. Rajesh,HSS,Associate Professor,rajeshv,https://www.iisermohali.ac.in/faculty/hss/rajeshv,Regular Faculty
Vaibhav Vaish,DMS,Assistant Professor,vaibhav,https://www.iisermohali.ac.in/faculty/dms/vaibhav,Regular Faculty
Varadharaj Ravi Srinivasan,DMS,Associate Professor,ravisri,https://www.iisermohali.ac.in/faculty/dms/ravisri,Regular Faculty
Vidya Devi Negi,DBS,Associate Professor,vidya,https://www.iisermohali.ac.in/faculty/dbs/vidya,Regular Faculty
Vinayak Sinha,EES,Professor,vsinha,https://www.iisermohali.ac.in/faculty/ees/vsinha,Regular Faculty
Vishal Bhardwaj,DPS,Assistant Professor,vishal,https://www.iisermohali.ac.in/faculty/dps/vishal,Regular Faculty
Yashonidhi Pandey,DMS,Assistant Professor,ypandey,https://www.iisermohali.ac.in/faculty/dms/ypandey,Regular Faculty
Yogesh Singh,DPS,Professor,yogesh,https://www.iisermohali.ac.in/faculty/dps/yogesh,Regular Faculty
Yunus Ali Pulpadan,EES,Assistant Professor,yunusp,https://www.iisermohali.ac.in/faculty/ees/yunusp,Regular Faculty
Meenakshi Devi,EES,,meenakshidevi,,Lecturers
Vinesh Shenoi Naresh,DBS,,vineshshenoi,,Lecturers
Dr. T V Venkateswaran,HSS,,tvv@iisermohali.ac.in,https://web.iisermohali.ac.in/dept/hss/tv-venkateswaran/,Visiting Faculty
Prof. Shashi Kant Raichand Dugad,DPS,,shashi@tifr.res,,Visiting Faculty
Prof. Biman Nath,DPS,,bimannath@iisermohali.ac.in,,Visiting Faculty
Prof. Madan Rao,DPS,,-,,Adjunct Faculty
Prof. N.Sathyamurthy,DCS,,nsath,https://www.iisermohali.ac.in/faculty/dcs/nsath,Honorary Professors
Prof. Valakunja Nagaraja,DBS,,vraj@iisc.ac.in,,Honorary Professors
Prof. Dhruv Raina,HSS,,-,,Honorary Professors
Prof. Kulinder Pal Singh,DPS,INSA Senior Scientist,kps,,Honorary Professors
Prof. Sudesh Kaur Khanduja,DMS,INSA Honorary Scientist,skhanduja,https://www.iisermohali.ac.in/faculty/dms/skhanduja,Honorary Professors
Prof. Anand Kumar Bachhawat,DBS,,anand,https://www.iisermohali.ac.in/faculty/dbs/anand,Emeritus Professors
Prof. Kapil Hari Paranjape,DMS,,kapil,https://www.iisermohali.ac.in/faculty/dms/kapil,Emeritus Professors
