Name,PhD Year,PhD Institution,Postdoc,Assistant Professor,Associate Professor,Professor,Other positions,Publication Available,Awards Available
Abhik Ganguli,,,,,,,,Yes,No
Abhishek Chaudhuri,,,,"2012 - 2018: Assistant Professor, IISER Mohali","Since 2018: Associate Professor, IISER Mohali",,,Yes,No
Adrene Freeda Dcruz,2006 - 2011:,IIT Kanpur,,"Since 2015: Assistant Professor, IISER Mohali",,,,Yes,Yes
Alok Maharana,,,,,,,,No,No
Ambresh Shivaji,2006 - 2012:,"Institute  Bhubaneswar, India","2016 - 2018: Postdoctoral Fellow, CP3, Université catholique de Louvain, Belgium | 2015 - 2016: Postdoctoral Fellow, INFN, Sezione di Pavia, Italy | 2012 - 2015: Postdoctoral Fellow, HRI Allahabad, India",,,,"2004 - 2006: M.Sc. in Physics, IIT Kanpur, India | 2000 - 2003: B.Sc. in Physics & Mathematics, Dr. R.M.L. Avadh University, Ayodhya, India",Yes,Yes
Amar Deep,2014 - 2019:,"(Structural Biology), CSIR-Institute of Microbial Technology, Chandigarh, India","2020 - 2025: Postdoctoral Fellow, University of California, San Diego, USA.",,,,"2011 - 2013: M.Sc. (Human Genomics), Panjab University, Chandigarh, India. | 2008 - 2011: B.Sc. (Honours) Biotechnology, Himachal Pradesh University, Shimla, India. (College: Himachal Institute of Life Sciences, Paonta Sahib, Himachal Pradesh)",Yes,Yes
Amit Kulshrestha,1999 - 2005:,"Tata Institute of Fundamental Research, Mumbai","2005 - 2007: Postdoctoral fellow, University catholique de Louvain, Belgium",,,,"Since 2021: Member, Board of Studies for Five Year Integrated Program, Punjabi University, Patiala. | Since 2022: Member of the Vision Group, Pushpa Gujral Science City, Kapurthala. | 2007 - 2008: Visiting Scientist, Indian Statistical Institute, Bangalore/Delhi",Yes,Yes
Ananth Venkatesan,,,,,,,,No,No
Angshuman Roy Choudhury,1999 - 2004:,"Indian Institute , Bangalore, India",,"2007 - 2009: Assistant Professor, Birla Institute of Technology and Science, Pilani",,,"2004 - 2007: Post doctoral Research Associate, Unievrsity of Liverpool, UK | 1997 - 1999: M. Sc in Chemistry, Calcutta University | 1994 - 1997: B. Sc. (Chemistry Hons.), Calcutta University",Yes,No
Anil Kumar Dasanna,2010 - 2013:,"in Biophysics, Université Toulouse III - Paul Sabatier, Toulouse, France","2021 – 2023: Postdoctoral Scientist, Saarland University, Germany | 2018 – 2021: Postdoctoral Scientist, Forschungszentrum Juelich, Germany | 2013 – 2018: Postdoctoral Scientist, Heidelberg University, Germany",2023 - 2023: Assistant Professor - IIT-Palakkad,,,"2007 - 2009: M.Sc in Physics, Indian Institute of Technology-Madras, India",Yes,No
Anil Kumar Tripathi,1980 - 1984:,"Department of Botany, Banaras Hindu University, Varanasi","1988 - 1990: DAAD Post-Doctoral Fellow, Institute of Genetics, University of Bayreuth, Germany",,,"2004 - 2018: Professor, School of Biotechnology, Faculty of Science, BHU | 2018 - 2014: Senior Professor, School of Biotechnology, Faculty of Science, BHU | 2002 - 2004: Professor & Head, Dept of Biotechnology, D. D. U. University, Gorakhpur","2025 - 2027: Vice President (Science Promotion), Indian National Science Academy (INSA), New Delhi | 2025 - 2027: Member, Council, Indian Academy of Science (IASc), Bengaluru | Since 2024 : Director, IISER Mohali | 2022 - 2024: Convener, Sectional Committee, Plant Sciences, Indian Academy of Science, Bengaluru | 2023 - 2025: Convener/ Member, Sectional Committee, General Biology, Indian National Science Academy | 2021 - 2024: Chairman, Plant Science Research Committee, CSIR, New Delhi | 2021 - 2024: Member, Court, University of Hyderabad | 2021 - 2024: Member, Governing Body, National Institute of Plant Genome Research (NIPGR) | 2019 - 2022: Member, Governing Body, NIPER, Raebareli | 2018 - 2019: Member, Council, National Academy of Sciences India (NASI), Prayagraj | 2017 - 2019: Member, Research Council, Agharkar Research Institute (DST), Pune | 2017 - 2019: Member, Research Council, CSIR-NIIST, Thiruvanantpuram | 2016 - 2019: Member, INSA Sectional Committee IX: Microbiology & Immunology | 2016: Member, CSIR Governing Body and CSIR Society | 2019 - 2014: Director, Institute of Science, Banaras Hindu University | 2019 - 2023: Coordinator, DST-SATHI, Banaras Hindu University | 2019 - 2024: Coordinator, BIRAC-BioNEST, Banaras Hindu University | 2014 - 2019: Director, Central Institute of Medicinal and Aromatic Plants (CSIR-CIMAP) | 2017 - 2029: Mission Director, CSIR Aroma Mission | 2013 - 2014: Coordinator, DBT-BHU Interdisciplinary School of Life Sciences, BHU, Varanasi | 2008 - 2011: Coordinator, Centre for Bioinformatics, BHU | 2007 - 2010: Coordinator, School of Biotechnology, BHU | 1978 - 1980: M.Sc. Department of Botany, Banaras Hindu University, Varanasi | 1976 - 1978: B.Sc. (Bot, Zool, Chem), Faculty of Science, Banaras Hindu University",Yes,Yes
Anoop Ambili,,,,,,,"2015 - 2017: Inspire Faculty at IISER Mohali | 2014 - 2015: Post doctoral fellow at IISER Kolkata | 2013 - 2013: Research Associate/Post doctoral fellow at German Research Center for Geoscience (GFZ Potsdam), Germany | 2008 - 2013: University of Potsdam and GFZ Germany | 2005 - 2007: M.Sc. Applied Geology, Pondicherry University, Pondicherry | 2002 - 2005: B.Sc. Geology, University College, Kerala University, Kerala, India",Yes,Yes
Anu Sabhlok,2001 - 2007:,"(Dual Title in Geography and Women's Studies), Pennsylvania State University, University Park, PA MS (Architecture), Pennsylvania State University, University Park, PA",,"2006 - 2009: Assistant Professor. Department of Geographic and Environmental Sciences. University of Louisville, Kentucky, USA",,,"Since 2021: Book Forum Editor for the Sage journal Dialogues in Human Geography. | Since 2019: Editorial Board member for Elsevier journal Geoforum. | Since 2019: Taylor and Francis journal Geopolitics Advisory Board for Gender, Feminism, and Geography Book Series. West Virginia University Press. | 1990 - 1995: B.Architecture. School of Planning and Architecture, New Delhi",Yes,Yes
Arghya Mondal,2012 - 2016:,The Institute of Mathematical Sciences (under Homi Bhabha National Institute),"2021 - 2023: Postdoctoral Fellow, Chennai Mathematical Institiute | 2017 - 2018: Postdoctoral Fellow, Indian Institute of Technology, Bombay.","2023 - 2025: Assistant Professor, Krea University",,,"2018 - 2021: Visiting Fellow, Tata Institiute of Fundamental Research, Mumbai. | 2010 - 2012: MSc, The Institute of Mathematical Sciences (under Homi Bhabha National Institute) | 2007 - 2010: B.Math(Hons), Indian Statistical Institute, Bangalore",Yes,Yes
Arijit Kumar De,2005 - 2010:,Indian Institute of Technology Kanpur,"2010 - 2014: Postdoctoral Fellow, Lawrence Berkeley National Laboratory/University of California Berkeley","2014 - 2020: Assistant Professor, IISER Mohali","Since 2020: Associate Professor, IISER Mohali",,"Since 2022: Life Member (LM 3229), The Chemical Research Society of India (CRSI) | Since 2008: Life Member (L13984), Indian Science Congress Association (ISCA) | 2003 - 2005: MSc, Indian Institute of Technology Kanpur | 1999 - 2003: BSc (in Chemistry (Honours), Physics and Mathematics), Ramakrishna Mission Residential College, Narendrapur/University of Calcutta",Yes,Yes
Arunika Mukhopadhaya,1999 - 2004:,"National Institute of Cholera and Enteric Diseases, Kolkata, West Bengal ( awarded by Jadavpur University in 2005) MSc (Botany) from University of Burdwan, West Bengal","2004 - 2009: Post-doctoral research, Albert Einstein College of Medicine, Bronx, New York, USA",,,,,Yes,Yes
Arvind,1991 - 1997:,"Indian Institute , Bangalore",,2005 - 2007: Assistant Professor IIT Madras (On Leave from GNDU),2007 - 2010: Associate Professor IISER Mohali,Since 2010: Professor IISER Mohali,"Since 2018: Adjunct Faculty Ramakrishna Mission Vivekananda Education and Research Institute Belur Math West Bengal | 2021 - 2024: Vice Chancellor Punjabi University Patiala | 2018 - 2024: National Coordinator QuEST Theme 1  DST India | 2019 - 2019: Officiating Director IISER Mohali | 2018 - 2023: Editorial Board Member of Dialogue a journal of Indian Academy of Sciences | 2014 - 2022: Editorial Board  Member of IAPT Journal on Physics Education | 2012 - 2019: Coordinator Outreach, IISER Mohali | 2011 - 2014: Dean Students, IISER Mohali | 2007 - 2014: Faculty In-charge Computer Centre, IISER Mohali | 2007 - 2010: Dean Research and Development, IISER Mohali | 2005 - 2007: Reader GNDU Amritsar | 2002 - 2004: Special Faculty Carnegie Mellon University Pittsburgh USA(On leave from GNDU) | 1997 - 2005: Lecturer GNDU Amritsar | 1988 - 1990: MSc Physics, Indian Institute of Technology Kanpur | 1985 - 1988: BSc Honours Physics, Guru Nanak Dev University Amritsar",Yes,Yes
Arvind Kumar Shakya,2010 - 2017:,"in Civil Engineering, IIT Guwahati","2023 - 2023: Post-doctoral researcher, Tel-Aviv University, Israel","2019 - 2020: Assistant Professor, Rama University Uttar Pradesh, Kanpur",,,"2018 - 2019: Research Fellow, IIT Guwahati | 2020 - 2023: Research Associate -III, IIT Kanpur | 2008 - 2010: M.Tech, Karunya University Coimbatore, India | 2004 - 2008: B.Tech., SVBP uni. of Agri. and Technology Meerut, U.P",Yes,Yes
Baerbel Sinha,2004 - 2007:,"(Dr.rer.nat) in Biogeochemistry, Max Planck Institute for Chemistry Mainz and Johannes Gutenberg University Mainz",,,,,Since 2023: Editorial Advisory board member of Discover Atmosphere | Since 2020: Editorial Advisory board member of Environmental Science and Technology | Since 2020: Scientific Steering Committee member for the second Tropospheric Ozone Assessment Report | 2007 - 2011: Max Planck Institute for Chemistry Mainz | 2002 - 2004: MSc Archeological Sciences TU Bergakademy Freiberg | 1999 - 2002: BSc Archeological Sciences TU Bergakademy Freiberg,Yes,Yes
Balanarayan Pananghat,2003 - 2009:,University of Pune,,,,"2009 - 2013: With Professor Nimrod Moiseyev, Technion, Israel",,Yes,Yes
Chanchal Kumar,1992 - 1999:,TIFR / Mumbai University,,"2008 - 2012: Assistant Professor, IISER Mohali | 2000 - 2008: Lecturer/ Assistant Professor, University of Jammu","2012 - 2020: Associate Professor, IISER Mohali","Since 2020: Professor, IISER Mohali","1990 - 1992: MSc. , University of Jammu, Jammu | 1987 - 1990: BSc. , University of Jammu, Jammu",Yes,No
Chandrakant Sharma Aribam,2003 - 2009:,"Tata Institute of Fundamental Research, Mumbai",,"2012 - 2013: Assistant Professor, Central University of Hyderabad",,,"2009 - 2012: Post Doctoral Fellow, Mathematics Institute, University of Heidelberg | 2000 - 2002: MSc, IIT Kanpur | 1997 - 2000: BSc, Ramjas College, Delhi University",Yes,No
Chandrakanta Ojha,,,,,,,"2020 - 2021: InSAR Scientist, Geoscience Australia, Canberra, ACT, Australia | 2012 - 2016: Research Fellow, IREA-CNR, Naples, Italy | 2016 - 2019: PostDoc Research Associate, School of Earth and Space Exploration, Arizona, State University, Phoenix, Arizona, USA | 2011 - 2015: Doctor of Philosophy in Civil and Environmental Engineering, University of Rome La Sapienza, Rome, Italy | 2009 - 2011: Master of Technology (M.Tech) in Natural Resources Engineering, IIT Bombay, India | 2006 - 2008: Master of Science (M.Sc) in Physics, Delhi University, New Delhi India | 2003 - 2006: Bachelor of Science (B.Sc) in Physics Hons., Utkal University, Odisha, India",Yes,Yes
Chetan Tukaram Balwe,2004 - 2008:,University of Pittsburgh,,,,,,Yes,No
Debashis Adhikari,2004 - 2009:,Indiana University,,,,,"2010 - 2014: postdoc: Northwestern University, Evanston, USA | 2002 - 2004: MS, IIT Kanpur",Yes,Yes
Debdulal Saha,2008 - 2012:,"Tata Institute of Social Sciences, Mumbai",,"2013 - 2020: Assistant Professor, Tata Institute of Social Sciences, Guwahati Campus",,,"Since 2020 : Associate Editor, The Indian Economic Journal (SAGE) | 2022 - 2024: Member, Research Advisory Committee, National Tea Research Foundation (a joint initiative of Tea Board of India and NABARD) | 2012 - 2013: Visiting Faculty, Tata Institute of Social Sciences, Mumbai Campus | 2012: Post Doctoral Fellow, University of Kassel, Germany | 2007 - 2008: Pre-Doctorate, Tata Institute of Social Sciences, Mumbai | 2014 - 2006: MA (Economics), University of North Bengal, West Bengal | 2001 - 2004: BA (Economics), University of North Bengal, West Bengal",Yes,Yes
Dipanjan Chakraborty,,,,,,,,No,No
Eswaraiah Chakali,2006 - 2013:,"Aryabhatta Research Institute of observational sciencES (ARIES), Nainital, India","2018 - 2021: FAST distinguished postdoctoral fellow (FAST-Fellow), NAOC, Beijing, China | 2015 - 2018: MOST postdoctoral researcher, NTHU, Hsinchu, Taiwan | 2013 - 2015: MOST postdoctoral researcher, NCU, Zhongli, Taiwan | 2013 - 2013: postdoctoral fellow, ARIES, Nainital, India","2025: Assistant Professor, IISER Mohali",,,"2021 - 2025: Ramanujan Fellow, IISER Tirupati | 2004 - 2006: MSc, Sri Venkateswara University (SVU), Tirupati | 2001 - 2004: BSc, Sri Venkateswar (SV) Arts College, Tirupati / Sri Venkateswara University (SVU), Tirupati",Yes,Yes
Goutam Sheet,,,,,,,,No,No
Harvinder Kaur Jassal,1995 - 2000:,University of Delhi,,,,,"Since 2024: Member, Executive Council, Indian Association for General Relativity and Gravitation | Since 2022: Member, Executive Council, Astronomical Society of India | 2010 - 2011: Research Associate, IISER Mohali | 2007 - 2010: DST-WOSA Fellow, Harish Chandra Research Institute, Allahabad | 2004 - 2007: Visiting Fellow : Harish Chandra Research Institute, Allahabad | 2001 - 2004: Post Doctotal Fellow, IUCAA, Pune | 2001 - 2001: Post Doctoral Fellow, Harish Chandra Research Institute, Allahabad | 1993 - 1995: M.Sc., University of Delhi | 1990 - 1993: B. Sc. (Honours) Physics, S. G. T. B. Khalsa College, University of Delhi",Yes,No
Hasan Mohammad,,,"2017 - 2022: Postdoctoral Research Fellow, Institute of Molecular and Cell Biology, Agency for Science, Technology and Research(A*STAR), Singapore","Since 2023: Assistant Professor, Department of Biological Sciences, IISER Mohali",,,"2022 - 2023: Junior Investigator,  Inserm U1114, Center Research Biomedicine De Strasbourg (CRBS), France | 2010 - 2016: Turku Bioscience - Turku Centre for Biotechnology, Åbo Akademi University, Turku, Finland | 2007 - 2009: MSc , School of Biotechnology, Jawaharlal Nehru University (JNU), New Delhi, India | 2004 - 2007: BSc, Department of Microbiology, Panjab University, Chandigarh, India",Yes,Yes
Indranil Banerjee,2007 - 2011:,"Molecular Life Sciences Graduate Program, Institute of Biochemistry, Swiss Federal Institute of Technology (ETH Zurich), Switzerland","2012 - 2017: Novartis Presidential Postdoctoral Fellow, Friedrich Miescher Institute (FMI Basel) and Novartis Institutes for Biomedical Research (NIBR), Switzerland | 2011 - 2012: Postdoctoral Fellow, Institute of Biochemistry, Swiss Federal Institute of Technology (ETH Zurich), Switzerland","2017 - 2023: Assistant Professor, IISER Mohali","Since 2023: Associate Professor, IISER Mohali",,"Since 2021: Editor (Virology), Current Clinical Microbiology Reports (Springer) | 2005 - 2007: M.Tech., Department of Biological Sciences and Bioengineering, Indian Institute of Technology (IIT) Kanpur, India",Yes,Yes
Jasjeet Singh Bagla,1992 - 1996:,"IUCAA, Pune, India","1996 - 1998: Post-doctoral research associate, Institute of Astronomy, University of Cambridge, UK | 1998 - 1999: Post-doctoral research associate, Harvard-Smithsonian Centre for Astrophysics, USA",,,,"2022 - 2027: Editor, New Astronomy | 2021 - 2026: Associate Editor, Resonance | 2023 - 2025: Chairperson, Scientific Organisation Committee, Astronomical Society of India | 1999 - 2010: Faculty member, Harish-Chandra Research Institute, Allahabad, India | 1990 - 1992: M.Sc. Physics, University of Delhi | 1986 - 1990: B.Sc.(H) Physics, University of Delhi",Yes,Yes
Jino George,2005 - 2011:,": National Institute for Interdisciplinary Science and Technology - CSIR, Thiruvananthapuram, India","2012 - 2017: Post-Doctoral Fellow, University of Strasbourg, Strasbourg, France","2017 - 2023: Assistant Professor, IISER Mohali",,,"2011 - 2012: Visiting Fellow: National Chiao Tung University, Hsinchu City, Taiwan | 2022 - 2024: St. Mary's college/University of Calicut, Kerala | 1999 - 2022: St. Mary's college/University of Calicut, Kerala",Yes,Yes
Jogender Singh,2010 - 2015:,"National Centre for Biological Sciences, TIFR, Bengaluru, India","2017 - 2019: Postdoctoral Scholar, Oregon Health & Science University, Portland OR USA | 2015 - 2017: Postdoctoral Associate - Duke University, Durham, NC, USA","2020 - 2020: Assistant Professor, Indian Institute of Science Education and Research Bhopal, India",,,"2008 - 2010: MSc (Biotechnology & Molecular Biology), CCS Haryana Agricultural University, Hisar, Haryana, India | 2005 - 2008: BSc (Biology & Chemistry), S.D. College, Panipat, KU Kurukshetra, Haryana, India",Yes,Yes
Jotsaroop Kaur,,,,"2018 - 2019: Position held: Assistant Professor, Organisation: Department of Mathematics, IIT Bombay",,,,No,No
Jyotima Kanaujia,,,,"Since 2025: Assistant Professor, IISER Mohali, Punjab, India | 2016 - 2017: Assistant Professor (Mathematics): Galgotias University, Greater Noida, India",,,"Since 2024: current: DST-Inspire faculty 2023 | 2021 - 2024: Project Scientist, CSIR- National Geophysical Research Institute, Hyderabad, Telangana, India | 2019 - 2021: Nana-Bhoy Moos Research Fellow (NMRF), Indian Institute of Geomagnetism Mumbai,Maharashtra, India | 2017 - 2019: DST-SERB National Postdoc Fellow, IISER Kolkata, West Bengal, India | 2011 - 2016: Indian Institute of Technology Roorkee, Uttarakhand, India | 2009 - 2011: M.Tech (Scientific Computing), Birla Institute of Technology, Mesra, Ranchi | 2006 - 2008: M.Sc. (Mathematics), Banaras Hindu University (BHU), Varanasi | 2003 - 2006: B.Sc. (Maths), CSJM University, Kanpur",Yes,Yes
Kausik Chattopadhyay,1998 - 2003:,"National Institute of Cholera and Enteric Diseases, Kolkata, West Bengal ( degree awarded in 2004 by Calcutta University)","2003 - 2009: Post-doctoral researcher, Albert Einstein College of Medicine, Bronx, New York, USA",,,,"2023 - 2025: Editorial Board Member of the Journal of Bacteriology (American Society for Microbiology) | 1996 - 1998: MSc in Biochemistry, Calcutta University",Yes,Yes
Kamal Priya Singh,,,,,,,"2005 - 2007: Max Planck Institute for Physics of complex systems, Dresden, Germany | 2007 - 2009: JRM Laboratory, Kansas State University, Manhattan, USA | 2000 - 2005: University of Rennes 1, France | 1998 - 2000: Jawaharlal Nehru University New Delhi | 1995 - 1998: JNUV Jodhpur",Yes,Yes
K. P. Yogendran,,,,,,,,No,No
K. R. Shamasundar,1998 - 2005:,National Chemical Laboratory,"2005 - 2007: Post-doctoral fellow, University of Waterloo | 2007 - 2011: Post-doctoral fellow, University of Stuttgart",,,,"1992 - 1997: MSc, IIT Kanpur",Yes,No
Kavita Dorai,1992 - 1999:,Indian Institute  (IISc) Bengaluru India,"1999 - 2000: Postdoctoral Fellow, University of Frankfurt, Frankfurt Germany | 2001 - 2002: Postdoctoral Fellow, University of Dortmund, Dortmund Germany | 2002 - 2004: Postdoctoral Fellow, Carnegie Mellon University, Pittsburgh PA, USA","2007 - 2012: Assistant Professor, IISER Mohali, Mohali India | 2005 - 2007: Assistant Professor, IIT-Madras, Chennai India","2012 - 2018: Associate Professor, IISER Mohali, Mohali India",,"Since 2024: Member, Asia-Pacific NMR (APNMR) Council | Since 2023: Member, TaskForce 6, Expert Committee for Quantum Technologies, National Mission on Quantum Technologies and Applications (NMQTA) | Since 2023: Member, Editorial Advisory Board, Magnetic Resonance in Chemistry | 2022 - 2023: Vice President, National Magnetic Resonance Society of India | Since 2022: Editorial Board Member, Indian Journal of Pure and Applied Physics | Since 2018: Editorial Advisor to the New Developments in NMR series of the Royal Society of Chemistry | Since 2020: Member, National Imaging Facility Panel of International Reviewers Australia | Since 2018: Member Facility Management Committee for Sophisticated Analytical Instrument Facility at Indian Institute of Technology Madras, Chennai | Since 2021: Member Facility Management Committee for Sophisticated Analytical Instrument Facility at Indian Institute of Science, Bangalore | 2018 - 2020: Member, Executive Committee, National Magnetic Resonance Society of India | 1988 - 1990: MSc, Indian Institute of Technology (IIT) Kanpur India | 1985 - 1987: BSc, Osmania University, Hyderabad, India",Yes,Yes
Kinjalk Lochan,2007 - 2013:,"M.Sc.- , TIFR Mumbai",,"2018 - 2023: Assistant Professor, IISER Mohali",,,"2017 - 2018: DST INSPIRE Faculty, IISER Mohali | 2016 - 2016: Post Doctoral Fellow, IISER Trivandrum | 2013 - 2016: Post Doctoral Fellow, IUCAA Pune | 2002 - 2005: B.Sc., IGNOU New Delhi",Yes,Yes
Krishnendu Gongopadhyay,,,,,,,,Yes,No
Kritika M. Garg,2008 - 2014:,"Biology, National Centre for Biological Sciences","2014 - 2019: Postdoctoral Fellow, National University of Singapore",,,,"2021 - 2025: Ramalingaswami Fellow, Ashoka University | 2020 - 2021: Ramanujan Fellow, Institute of Bioinformatics and Applied Biotechnology | 2006 - 2008: MSc Genomics, Madurai Kamaraj University | 2003 - 2006: BSc Biochemistry, Genetics, and Biotechnology, Sri Bhagawan Mahaveer Jain College/Bangalore University",Yes,Yes
Kuduva R. Vignesh,2012 - 2016:,"Doctor of Philosophy () , IITB-Monash Research Academy, IIT Bombay, Mumbai, India","2017 - 2018: Postdoctoral Research Associate, Texas A&M University, College Station, USA | 2019 - 2020: Postdoctoral Research Fellow, Institute for Molecular Science, Okazaki, Japan | 2020 - 2021: Postdoctoral Research Fellow, IIT Bombay, Mumbai, India | 2021 - 2022: JSPS Postdoctoral Research Fellow, Tokyo Metropolitan University, Tokyo, Japan",Since May 2022: Assistant Professor at IISER Mohali.,,,"Since 2024: International Committee member, ACMM. | 2009 - 2011: Master of Science (M. Sc) in Chemistry from Department of Chemistry, The American College, Madurai, India | 2006 - 2009: Bachelor of Science (B. Sc) in Chemistry from Department of Chemistry, The American College, Madurai, India",Yes,Yes
Kuljeet Sandhu,,,,,,,,No,No
Lingaraj Sahu,,,,,,,,Yes,No
Lolitika Mandal,,,,,,,,No,No
Mahak Sharma,2005 - 2009:,"Department of Biochemistry and Molecular Biology, University of Nebraska Medical Center, Omaha, Nebraska (USA)","2009 - 2011: Postdoctoral Research Fellow, Department of Rheumatology, Immunology and Allergy, Brigham and Women’s Hospital/Harvard Medical School, Boston (USA)","2011 - 2018: Assistant Professor, Department of Biological Sciences, IISER-M (India)","Since Apr 2018: Associate Professor, Department of Biological Sciences, IISER-M (India)",,"2020 - 2023: Editor, Journal of Cell Science | 2019 - 2021: Board of Reviewing Editors, eLife | 2019 - 2022: Early Career Advisory Board, Journal of Cell Biology | 2018 - 2020: Editorial Board Member, Traffic | Since Jan 2020: India Alliance DBT/Wellcome Trust Senior Fellow, Department of Biological Sciences, IISER-M (India) | 2012 - 2018: India Alliance DBT/Wellcome Trust Intermediate Fellow, Department of Biological Sciences, IISER-M (India) | 2000 - 2004: B.Tech., Biotechnology, School of Biotechnology, Guru Gobind Singh Indraprastha University, New Delhi (India)",Yes,Yes
Mahender Singh,2004 - 2009:,"Harish-Chandra Research Institute,  Homi Bhabha National Institute",,"2013 - 2018: Assistant Professor, IISER Mohali","2018 - 2025: Associate Professor, IISER Mohali","Since 2025: Professor, IISER Mohali","2012 - 2013: INSPIRE Faculty, IISER Mohali | 2009 - 2012: Post Doctoral Fellow, IMSc Chennai | 2002 - 2004: MSc, St. Stephen's College, University of Delhi | 1999 - 2002: BSc Honours, Sri Venkateswara College, University of Delhi",Yes,Yes
Manabendra Nath Bera,2007 - 2011:,"in Experimental Atomic Physics, Laboratoire Aime Cotton, CNRS, and Université Paris-Saclay, Campus dOrsay, Orsay, France","2017 - 2019: Post-Doctoral Research Scientist, Max Planck Institute for Quantum Optics, Garching, Germany | 2015 - 2017: Post-Doctoral Research Scientist, ICFO - Institute pf Photonic Sciences, Barcelona, Spain | 2012 - 2015: Post-Doctoral Researcher, Harish-Chandra Research Institute, Prayagraj, India",,,,"Since 2019: Visiting Scientist, ICFO - Institute pf Photonic Sciences, Barcelona, Spain | 2005 - 2007: MSc in Chemistry, Indian Institute of Technology, Kanpur, India | 2002 - 2005: BSc in Chemistry (Honours), Physics, and Mathematics, Dinabandhu Andrews College, University of Calcutta, Kolkata, India",Yes,Yes
Mandip Singh,2004 - 2008:,"Swinburne University of Technology, Australia",,"2012 - 2020: Assistant professor of physics, IISER Mohali Post. Doc : University of Vienna (IQOQI)-Zeilinger group (Nobel Laureate 2022).","Since 2020: Associate Professor of physics, IISER Mohali",,"2000 - 2001: M.Tech, Indian Institute of Technology, Delhi Full GATE scholarship in M.Tech. Category: General",Yes,Yes
Manjari Jain,2004 - 2011:,"student, CES, Indian Institute , Bangalore","2013: NSF Post-doctoral Fellowship, Syracuse University (*not availed). | 2011 - 2012: Post-doctoral intern, University of Zurich.","2013 - 2020: Assistant Professor, IISER Mohali","Since 2020: Associate Professor, IISER Mohali",,"2013 - 2016: Adjunct Faculty, School of Natural Sciences and Engineering, NIAS, Bangalore. | 2011: UKIERI visiting postdoc, University of Bristol. | 2010 - 2011: Research Associate, Indian Institute of Science, Bangalore. | 2001 - 2003: M.Sc. (Zoology), University of Calcutta | 1998 - 2001: B.Sc. (Zoology), University of Calcutta",Yes,No
Manoj Kumar,2012 - 2017:,"Environmental Sciences, School of Environmental Sciences, Jawaharlal Nehru University, New Delhi",,"Since Apr 2025: Assistant Professor, Department of Earth and Environmental Sciences Indian        Institute of Science Education and Research, Mohali. | 2024 -  2025: Assistant Professor (Grade-I), School of Earth, Environmental and Sustainability Sciences, IISER Thiruvananthapuram, Kerala, India 2023 Jun-Sep : Lecturer, Department of Earth and Environmental Sciences, IISER Mohali, Punjab, India | 2016 - 2023: Assistant Professor, Department of Environmental studies, Central University of Haryana, Mahendergarh, Haryana, India",,,"2008 – 2010: M.Sc. Environmental Sciences, School of Environmental Sciences, Jawaharlal Nehru University. | 2005 – 2008: B. Sc. (Chemistry, Zoology and Botany),  Ch. Charan Singh, University Meerut, Meerut, India.",Yes,Yes
Mihir Sheth,2024 - 2018:,University of Duisburg-Essen,"2020 - 2023: Postdoctoral Fellow, IISc Bangalore | 2018 - 2020: Postdoctoral Fellow, TIFR Mumbai",,,,"2023 - 2025: INSPIRE Faculty Fellow, IISc Bangalore | 2009 - 2014: Dual BS-MS, IISER Pune",Yes,No
N G Prasad,,,"Since 2021: Core Member of Expert Committee, Expert Committee – Life Sciences on Start up Research Grant & National Post-Doctoral Fellowship Schemes and Early Career Research Award Schemes","2007 - 2008: Assistant Professor, School Of Life Sciences, Indian Institute of Science Education and Research, Kolkata.",,,"Since 2024: Chairperson, National Committee for International Union of Biological Sciences | Since 2012: Member, International Committee of Society for Study of Evolution, USA | 2023 - 2024: Associate Editor, Proceedings of the Royal Society: B | 2021 - 2023: Associate Editor, Evolution, January | 2015 - 2021: Associate Editor, Journal of Genetics | 2012 - 2015: Editorial Board, Journal of Genetics | 1997 - 1998: Lecturer, Department of Zoology, MES College of Arts, Commerce and Science, Bangalore University, Bangalore, India. | 2003 - 2007: Post Doctoral fellow Queen's University, Kingston, Ontario, Canada | 1998 - 2003: Evolutionary and Organismal Biology, Jawaharlal Nehru Centre for Advanced Scientific Research, Bengaluru | 1995 - 1997: Zoology, Bangalore University | 1992 - 1995: Chemistry, Botany, Zoology, MES College of Arts , Commerce and Science, Bangalore University, Bengaluru",Yes,Yes
Neeraja Sahasrabudhe,2009 - 2013:,"University of Padova, Italy","2014 - 2017: Postdoctoral fellow, IIT Bombay",,,,"2013 - 2014: Visiting fellow, Indian Statistical Institute, Bangalore. | 2013 - 2013: Research associate, IIT Bombay | 2006 - 2008: Erasmus Mundus ALGANT (Algebra, Geometry and Number Theory) masters program jointly at the following university. Year I: University of Leiden, The Netherlands Year II: University of Bordeaux 1, France | 2003 - 2006: B.Math, Indian Statistical Institute, Bangalore",Yes,No
Pankaj Kushwaha,2012 - 2015:,"Tata Institute of Fundamental Research (TIFR), Mumbai","2019 - 2021: Aryabhatta Postdoctoral Fellowship, Aryabhatta Research Institute of Observational Sciences (ARIES), Nainital, India | 2018 - 2019: FAPESP Postdoctoral Fellowship, Institute of Astronomy, Geophysics, and Atmospheric Sciences (IAG-USP), University of Sao Paulo, Sao Paulo, Brazil | 2016 - 2018: FAPESP Postdoctoral Fellowship, Institute of Astronomy, Geophysics, and Atmospheric Sciences (IAG-USP), University of Sao Paulo, Sao Paulo, Brazil | 2015 - 2016: Postdoctoral Fellowship, Inter-University Centre for Astronomy and Astrophysics (IUCAA), Pune, India",,,,"Since 2023: Lifetime member, Astronomical Society of India (ASI) | 2022 - 2025: Active Member, International Astronomical Union (IAU) | 2016 - 2019: Member, Cherenkov Telescope Array Observatory (CTA) | 2008 - 2011: MSc, Tata Institute of Fundamental Research (TIFR), Mumbai | 2005 - 2008: Physics (Hons.), Banaras Hindu University (BHU), Varanasi",Yes,Yes
Parth R. Chauhan,1999 - 2005:,"in Archaeology, University of Sheffield (UK)","2005 - 2008: Postdoctoral Researcher, Stone Age Institute & Indiana University (USA)","2014 - 2022: Assistant Professor, IISER Mohali",,,"2008 - 2009: Fulbright postdoc scholar, Deccan College Postgraduate & Research Institute (Pune) | 1996 - 1998: M.A. in Archaeology & Ancient History, Deccan College Postgraduate & Research Institute (Pune) | 1994 - 1996: B.A. in Anthropology, Rutgers University (USA)",Yes,No
Philose Koshy,2007 - 2013:,University of Hyderabad,,,,,"2002 - 2004: M.A. Philosophy, University of Calicut | 1999 - 2002: B.A. Philosophy, NSS Hindu College, Changanassery",Yes,No
Pranab Sardar,2007 - 2012:,RKM Vivekananda University,,"2012 - 2015: Krener Assistant Professor, University of California- Davis",,,"2003 - 2005: MSc in Mathematics, Chennai Mathematical Institute | 2000 - 2003: BSc in Mathematics, Jadavpur University",Yes,No
Prasenjit Das,2011 - 2018:,Jawaharlal Nehru University,,"2022 - 2022: Assistant Professor, IIT Dharwad",,,"2017 - 2020: Postdoc, Weizmann Institute of Science, Israel; Nov-2020 to Dec-2021, Postdoc, Goettingen University, Germany | 2009 - 2011: M.Sc. in Physics, Jawaharlal Nehru University | 2006 - 2009: B.Sc. in Physics (Hons.), A. B. N. Seal College, University of North Bengal",Yes,Yes
Pritam Mondal,2011 - 2017:,Indian Institute of Technology Kanpur,"2019 - 2023: Postdoctoral Fellow, University of Alabama at Birmingham, USA | 2018 - 2019: Postdoctoral Fellow, University of Burgundy, France","Since 2023: Assistant Professor, IISER Mohali",,,"2009 - 2011: M.Sc, Indian Institute of Technology Guwahati | 2006 - 2009: B.Sc, Jadavpur University, Kolkata",Yes,Yes
Pritika,2010 - 2016:,"(Philosophy), IIT Delhi",,"Since 2025: Assistant Professor, IISER Mohali | 2024 - 2025: Assistant Professor, Christ (Deemed-to-be-University), NCR Campus | 2015 - 2023: Assistant Professor (Ad-hoc), PGDAV College (M), University of Delhi",,,"2006 - 2009: M.Phil (English), Department of English, Panjab University, Chandigarh | 2004 - 2006: MA (English), Department of English, Punjab University, Chandigarh | 2001 - 2004: B.A. (Hons.) English, G.C.G.-11, Chandigarh",Yes,No
Priyakumari C P,2009 - 2015:,IISER Thiruvananthapuram,2016 - 2018: Post-doctoral research associate,,,,"2007 - 2009: MSc Chemistry, Sree Neelakanta Government Sanskrit College, Pattambi (Calicut University) | 2004 - 2007: BSc Chemistry, N. S. S. College, Ottapalam (Calicut University)",Yes,No
Purnananda Guptasarma,,,,,,,,No,No
Ramesh Ramachandran,1997 - 2001:,Indian Institute of Technology (IIT) Madras,"2001 - 2003: Post-doctoral Research Associate, Massachusetts Institute of Technology (MIT), USA","2007 - 2008: Assistant Professor, IIT Roorkee",,,"2004 - 2007: Sponsored Research Scientist, Massachusetts Institute of Technology (MIT), USA",Yes,Yes
R. Vijaya Anand,1997 - 2003:,"Indian Institute of Technology Kanpur, India (With Prof. Vinod K Singh)","2006 - 2006: Post-doctoral Fellow, Texas A&M University, College Station, USA (With Prof. Brian T Connell)","2010 - 2016: Assistant Professor, Department of Chemical Sciences, IISER Mohali","2016 - 2022: Associate Professor, Department of Chemical Sciences, IISER Mohali","Since 2022  : Professor, Department of Chemical Sciences, IISER Mohali","2021 - 2024: Dean of Research & Development, IISER Mohali | 2020 - 2021: Associate Dean of Research & Development, IISER Mohali | 2006 - 2009: Scientist, Integrated Product Development, Dr Reddy's Laboratories Ltd, Hyderabad, India. | 2004 - 2005: Research Fellow, WestCHEM, University of Strathclyde, Glasgow, UK (With Prof. John A Murphy) | 2003: Research Associate, Indian Institute of Technology Kanpur, India (With Prof. Vinod K Singh) | 1995 - 1997: M Sc Applied Chemistry, Anna University, Chennai | 1992 - 1995: B Sc, Madurai Kamaraj University",Yes,Yes
Rachna Chaba,1998 - 2003:,"Institute of Microbial Technology, Chandigarh, India","2004 - 2009: Postdoctoral Fellow, University of California San Francisco, USA","2012 - 2018: Assistant Professor, IISER Mohali",,,"2011 - 2012: Assistant Research Scientist, University of California San Francisco, USA | 2009 - 2010: Research Specialist, University of California San Francisco, USA | 1996 - 1998: MSc Biotechnology, Guru Nanak Dev University, Amritsar, India | 1993 - 1996: BSc Medical, Guru Nanak Dev University, Amritsar, India",Yes,Yes
Raj Kumar Roy,2008 - 2012:,"Polymer Chemistry Indian Institute , Bangalore, India","2012 - 2014: Post-Doctoral Researcher, French National Centre for Scientific Research, Institut Charles Sadron, Strasbourg, France. Conducting Research under the supervision of Prof. Jean-Francois Lutz in the field of sequence-controlled polymers",,,,"2016 - 2017: JSPS fellow, Nagoya University, Japan. Conducting research under the supervision of Prof. Eiji Yashima in the field of Foldamers | 2015 - 2016: VBL researcher, Nagoya University, Japan. Conducting research under the supervision of Prof. Eiji Yashima in the field of Foldamers | 2014 - 2015: Project Manager in (EURO-SEQUENCES) Marie Sklodowska-Curie Innovative Training Network, Institut Charles Sadron, Strasbourg, France. | 2005 - 2008: M.S., Chemical Science Indian Institute of Science, Bangalore, India. | 2001 - 2005: BSc (Chemistry Hons) Ramakrishna Mission Residential College, Narendrapur, Calcutta University",Yes,Yes
Rajeev Kapri,2001 - 2007:,"Physics, IOP Bhubaneswar, Homi Bhabha National Inistitue Mumbai",,"2009 - 2017: Assistant Professor, IISER Mohali","2017 - 2023: Associate Professor, IISER Mohali","Since 2023: Professor, IISER Mohali","2007 - 2009: PostDoc, Department of Theoretical Physics, TIFR Mumbai | 1998 - 2000: M.Sc. Physics , Kumaon University Nainital | 1995 - 1998: B.Sc., Kumaon University Nainital",Yes,Yes
Rajesh Ramachandran,1999 - 2005:,"Scholar, CCMB, Hyderabad, India/ Degree awarded by JNU, New Delhi","2005 - 2007: Postdoctoral Fellow, CCMB, Hyderabad, India | 2007 - 2012: Postdoctoral Fellow, University of Michigan Ann Arbor, USA","2012 - 2018: Assistant professor, IISER Mohali","Since 2018 : Associate professor, IISER Mohali",,"1997 - 1999: M.Sc. Marine Biology, Microbiology, Biochemistry/ CUSAT Cochin, Kerala | 1993 - 1997: B.Sc. Zoology, Chemistry, Botany (Hons), St. Michaels College, University of Kerala",Yes,Yes
Raju Attada,2011 - 2015:,"in Atmospheric Sciences, Indian Institute of Tropical Meteorology (IITM), India","2015 - 2019: Postdoctoral Researcher, King Abdulla University of Science and Technology, Saudi Arabia | 2015 - 2019: Postdoctoral Fellow, King Abdulla University of Science and Technology (KAUST), Saudi Arabia","Since 2019: Assistant Professor, Indian Institute of Science Education and Research Mohali",,,"2009 - 2011: Junior Research Fellow, Indian Institute of Tropical Meteorology, India | 2011 - 2014: Senior Research Fellow, Indian Institute of Tropical Meteorology, India | 2014 - 2015: Research Associate, Indian Institute of Tropical Meteorology, India | 2006 - 2008: M.Sc in Meteorology, Andhra University | 2003 - 2005: B.Sc in Computer Sciences, Andhra University",Yes,Yes
Ram Yadav,2002 - 2007:,"Technical University of Munich, Germany","2007 - 2011: Postdoctoral Fellow, University of California, Riverside",,,,"1998 - 2001: MSc, National Dairy Research Institute, Karnal | 1994 - 1997: BSc, University of Rajasthan Jaipur",Yes,Yes
Ramandeep Singh Johal,1994 - 1999:,Panjab University,,,,,"2001 - 2002: Alexander von Humboldt fellowship, Institute of Theoretical Physics, Technical University, Dresden, Germany",Yes,No
Ravi Sureshbhai Devani,2012 - 2018:,"Scholar, Biology Department, IISER Pune, Maharashtra, India","2019 - 2024: Postdoctoral Researcher, Institute of Plant Sciences-Paris-Saclay (IPS2-INRAE), France","Since 2025: Assistant Professor, Department of Biological Sciences, IISER Mohali, Punjab, India | 2024 - 2025: Assistant Professor, School of Biology, IISER Thiruvananthapuram, Kerala, India",,,"2018 - 2019: Project Assistant, Biology Department, IISER Pune, Maharashtra, India | 2010 - 2012: MSc Biotechnology, Department of Biotechnology, University of Pune, Maharashtra, India | 2007 - 2010: BSc Biotechnology, Department of Biotechnology, Shree M. & N. Virani Science College (Saurashtra University), Gujarat, India",Yes,Yes
Rhitoban Ray Choudhury,2003 - 2010:,"University of Rochester, New York, USA","2010 - 2013: Post-Doctoral Research Associate, Purdue University, Indiana, USA",,,,"2003 - 2005: MS (Ecology and Evolution), University of Rochester, New York, USA | 1999 - 2001: MSc (Zoology), Ballygunge Science College, University of Calcutta | 1999: BSc (Honours in Zoology), Presidency College (Now Presidency University), Kolkata",Yes,No
Ritajyoti Bandyopadhyay,2006 - 2010:,"Jadavpur University, Kolkata, India","2012 - 2013: Postdoctoral Fellow, State and Democracy, CeMIS, University of Goettingen, Germany. | 2010 - 2012: Research Associate/Postdoctoral associate, NIAS, Bangalore.","2013 - 2016: Assistant Professor in History, centre for Studies in Social Sciences, calcutta",,"2024: Visiting Professor, CeMIS, University of Goettingen, Germany. | 2021 - 2022: Professor (w2) of State and Democracy, CeMIS, University of Goettingen, Germany. | 2019: Visiting Professor, CeMIS, University of Goettingen, Germany.","2014 - 2024: Coordinator and module fellow, TM3, International centre for Advanced studies, new Delhi, funded by BMBF (Ministry of education), germany: https://micasmp.hypotheses.org/tm3-critiques-and-renewals-of-democracy | 2003 - 2005: MA, Department of History, Jadavpur University, Kolkata, India | 2000 - 2003: BA, Jadavpur University, Kolkata, India",Yes,Yes
S. S. V. Rama Sastry,2001 - 2005:,"Indian Institute , Bangalore, India (Advisor: Prof. A. Srikrishna)","2005 - 2008: Postdoctoral fellow, The Scripps Research Institute, La Jolla, CA, USA (Advisor: Prof. Carlos F. Barbas, III)","2011 - 2017: Assistant Professor, Department of Chemical Sciences, IISER Mohali, India","2017 - 2023: Associate Professor, Department of Chemical Sciences, IISER Mohali, India","Since Dec 2023: Professor, Department of Chemical Sciences, IISER Mohali, India","Since Oct 2023: Head, Department of Chemical Sciences, IIISER Mohali, India | 2010 - 2011: Senior Research Scientist, Jubilant Biosys Ltd., Bangalore, India | 2008 - 2010: Senior Research Investigator, Bristol-Myers Squibb Biocon Research Center (BBRC) Syngene International Ltd., Bangalore, India | 1999 - 2001: M.Sc. (Organic Chemistry), Andhra University, Visakhapatnam, India | 1996 - 1999: B.Sc. (Chemistry), Andhra University, Visakhapatnam, India",Yes,Yes
S. Arulananda babu,1998 - 2003:,CSMCRI  (Bhavnagar University),,"2006 - 2009: Assistant Professor, Professor Akio Baba Lab, Department of Molecular Chemistry, Osaka University, Japan. | 2005 - 2006: Designated Assistant Professor, Professor Akio Baba Lab, Department of Molecular Chemistry, Osaka University, Japan.",,"2003 - 2005: Professor Akio Baba Lab, Department of Molecular Chemistry, Osaka University, Japan.","1996 - 1998: M.Sc (Organic Chemistry), University of Madras | 1993 - 1996: B.Sc (Chemistry), University of Madras",Yes,Yes
Sabyasachi Rakshit,2003 - 2009:,"Indian Institute , Bengaluru, India","2009 - 2013: Postdoctoral Fellow, Iowa State University, USA",,,,"Since 2023: Member of Fluorescence Society of India | 2000 - 2002: MSc in Chemistry, Burdwan University, WB, India | 1997 - 2000: BSc in Chemistry, Burdwan University, WB, India",Yes,No
Sadhan Chandra Das,2008 - 2012:,"Ecole Normale superieure de Lyon, FRANCE","2013 - 2018: Postdoctoral Fellow, Beckman Research Institute of City of Hope, CA | 2013 - 2013: Postdoctoral Fellow, JNCASR, India",,,,"2023 - 2025: Editorial Board Member of ATVB | 2021 - 2022: DBT/Wellcome Trust India Alliance Intermediate Fellow, CSIR-CDRI | 2018 - 2020: Staff Scientist, Beckman Research Institute of City of Hope, CA | 2003 - 2005: M.Sc. in Zoology, University of North Bengal, Siliguri, INDIA | 1999 - 2002: B.Sc. in Zoology, University of North Bengal, Siliguri, INDIA",Yes,Yes
Samarjit Bhattacharyya,1999 - 2004:,"National Centre for Biological Sciences (NCBS), Tata Institute of Fundamental Research (TIFR), India","2005 - 2010: Post-doctoral fellow. Stanford University, Palo Alto, USA","2010 - 2017: Assistant Professor, IISER Mohali, India","2017 - 2023: Associate Professor, IISER Mohali, India","Since 2023: Professor, IISER Mohali, India","Since 2021: Member of the Editorial Board of the Journal of Neurochemistry | Since 2021: Member of the Editorial Board of the Frontiers in Molecular Neuroscience | 1997 - 1999: M.Sc, Department of Biophysics, Molecular Biology and Genetics, University of Calcutta, India | 1994 - 1997: B.Sc, Honours in Physics from University of Calcutta, India",Yes,Yes
Samir Kumar Biswas,2006 - 2012:,Indian Institute  Bangalore,,,,,"2015 - 2016: Faculty at BME,   Indian Institute of Technology - Hyderabad | 2006 - 2014: University of Twente- Netherlands | 2015 - 2015: National University of Singapore | 2004 - 2006: Indian Institute of Technology- Bombay | 2001 - 2004: Presidency College , Calcutta",Yes,Yes
Samrat Ghosh,1992 - 1998:,"Indian Institute  (IISc), Bangalore",,,,,"Since 2019: Associate Member, India International Center (IIC), Max Muller Marg, New Delhi | 2007 - 2007: Research Technician, Angstrom Power Incorporated, Vancouver, Canada | 1999 - 2002: Guest Scientist, Max Planck Institute FKF, Stuttgart, Germany | 1990 - 1992: M.Sc., Indian Institute of Technology (IIT), Bombay, Powai, Mumbai | 1987 - 1990: B.Sc. (Chemistry Honours), ARSD College, University of Delhi, Delhi",Yes,Yes
Samrat Mukhopadhyay,2000 - 2004:,"Indian Institute  (IISc), Bangalore","2005 - 2008: Postdoctoral Research Associate, The Scripps Research Institute, La Jolla, California, USA","2008 - 2013: Assistant Professor, IISER Mohali","2013 - 2020: Associate Professor, IISER Mohali","Since 2020: Professor, IISER Mohali","2004 - 2005: Visiting Fellow, Tata Institute of Fundamental Research (TIFR), Mumbai | 1997 - 2000: MS. Indian Institute of Science (IISc), Bangalore | 1994 - 1997: BSc. Jadavpur University, Kolkata (Calcutta)",Yes,Yes
Sajal Kumar Giri,2015 - 2020:,"Max-Planck Institute for the Physics of Complex Systems, Dresden, Germany",,,,,"2021: Machine Learning Scientist, Iambic Therapeutics (Entos), California, USA | 2021 - 2024: Post Doctoral Fellow, Northwestern University, Evanston, USA | 2013 - 2015: M.Sc. in Chemistry, Indian Institute of Technology, Kanpur, India | 2010 - 2013: B.Sc. in Chemistry, Ramakrishna Mission Vidyamandira, Belur Math, India (Affiliated to the University of Calcutta)",Yes,No
Sanjay Mandal,,,,,,,,No,No
Sanchita Sengupta,2006 - 2011:,"University of Wuerzburg, Germany",,"2017 - 2023: Assistant Professor, IISER Mohali","Since 2023: Associate Professor, IISER Mohali",,"2013 - 2017: DST-INSPIRE Faculty, Fellow, Indian Institute of Science | 2012 - 2013: Post Doctoral Researcher, TU Delft, The Netherlands | 2004 - 2006: M.Sc., Indian Institute of Technology (IIT) Kanpur | 2001 - 2004: B.Sc., Jadavpur University",Yes,Yes
Sandeep K. Goyal,2007 - 2012:,"The Institute of Mathematical Sciences, Chennai, India","2012 - 2014: Post-doctoral Fellow, University of KwaZulu Natal, Durban, South Africa | 2014 - 2016: Post-Doctoral Fellow, University of Calgary, Calgary, Canada",,,,"2005 - 2007: MSc in Physics, The Institute of Mathematical Sciences, Chennai, India | 2002 - 2005: BSc (Physics Hons.), Hindu College, Delhi University, New Delhi, India",Yes,No
Sanjay Singh,2003 - 2006:,"University of Goettingen, Germany, (Supervisor: Prof. Dr. Herbert W. Roesky)","2007: Post-doctoral fellow, University of Cambridge, UK, (Advisor: Prof. Dominic S. Wright) | 2006: Post-doctoral fellow, University of Goettingen, Germany, (Advisor: Prof. Dr. Herbert W. Roesky)","2008 - 2016: Assistant Professor, IISER Mohali","2016 - 2022: Associate Professor, IISER Mohali","Since 2022: Professor, IISER Mohali","2022 - 2026: Editorial Advisory Board Member, ChemistrySelect, Published by Wiley-VCH on behalf of Chemistry Europe. | 2000 - 2002: M.Sc., Indian Institute of Technology Kanpur | 1998 - 2000: B.Sc. (Hons), Banaras Hindu University",Yes,Yes
Sanjeev Kumar,,,,,,,"2004 - 2007: University of Augsburg, Germany | 2007 - 2009: Leiden University, Netherlands | 2010 - 2010: IFW Dresden, Germany | 1998 - 2004: HRI Prayagraj | 1996 - 1998: MSc, IIT Kanpur | 1993 - 1996: BSc, DAV College Kangra",Yes,Yes
Santanu Kumar Pal,2003 - 2008:,Raman Research Institute/Jawaharlal Nehru University,,"2010 - 2016: Assistant Professor, Department of Chemical Sciences, IISER Mohali","2016 - 2022: Associate Professor, Department of Chemical Sciences, IISER Mohali","Since 2022: Professor, Department of Chemical Sciences, IISER Mohali","Since 2024: Member of the Editorial Board of Liquid Crystals | Since 2023: Associate Editor: Bulletin of Materials Science https://www.ias.ac.in/Journals/Bulletin_of_Materials_Science/ | 2008 - 2010: Research Associate, University of Wisconsin-Madison, USA | 2001 - 2003: MSc, University of Calcutta | 1998 - 2001: BSc, Ramakrishna Mission Vidyamandira, Belur/University of Calcutta, West Bengal",Yes,Yes
Santhosh Kumar Pamula,2012 - 2017:,Indian Institute of Technology Hyderabad,,"2021 - 2022: Assistant Professor, Birla Institute of Technology and Science (BITS) Pilani Apr 2018 - Jan",,,"2021: Post Doctoral Fellow (NBHM), Indian Statistical Institute, Bangalore Dec 2017 - Apr | 2018: Visiting Researcher, Ritsumeikan University, Osaka, Japan. Jul 2017 - Nov | 2017: Visiting Scientist, Indian Statistical Institute, Bangalore | 2009 - 2011: MSc, University of Hyderabad | 2006 - 2009: BSc, Kakatiya University",Yes,Yes
Santosh B. Satbhai,2007 - 2011:,"at Graduate School of Information Science, Nagoya University, Nagoya, Japan","2011 - 2017: Postdoctoral Fellow at Gregor Mendel Institute of Molecular Plant Biology, Austrian Academy of Sciences, Vienna, Austria",,,,"2017 - 2018: Research Associate at SALK institute for Biological Studies, San Diego, USA | 2002 - 2004: MSc (Bio-chemistry) Pune University, Pune, India | 1999 - 2001: BSc (Chemistry) S.S.G.M. College, Kopargaon (Pune University), India",Yes,Yes
Satyajit Jena,,,,,,,,No,No
Shane D'Mello,2008 - 2013:,Stony Brook University,"2015 - 2017: Post-doctoral fellow, IISER Pune",,,,"2014 - 2015: Tata Institute of Fundamental Research, Mumbai | 2005 - 2008: M.Sc., Tata Institute of Fundamental Research, Mumbai | 2002 - 2005: B.Sc. (Hons) Mathematics, St. Stephens College, Delhi University",Yes,No
Sharmila Bhattacharya,2010 - 2015:,"Organic Geochemistry, IIT Bombay","2016 - 2017: Dr. D.S. Kothari Postdoctoral Fellow Dept. of Botany, University of Calcutta",,,,"2024 - 2025: One Geo | 2023 - 2024: SERB Research Scientist | 2023 - 2023: Lecturer (on contract) | 2022 - 2023: Visiting Faculty IISER Mohali | 2017 - 2022: DST Inspire Faculty IISER Mohali | 2015 - 2016: Senior Project Technical Assistant IIT Bombay | 2015 - 2015: Research Associate IIT Bombay | 2007 - 2009: M.Sc. Applied Geology, Presidency College, Kolkata | 2004 - 2007: B.Sc. Geology, Presidency College, Kolkata",Yes,Yes
Sharvan Sehrawat,2008:,"Doctor of Philosophy () in Comparative and Experimental Medicine, University of Tennessee, Knoxville, TN, USA Feb 2002 - Apr","2013: Post-doctoral Fellow , Whitehead Institute for Biomedical Research (Massachusetts Institute of Technology), Cambridge, MA, USA Dec 2008 - Oct | 2009: Post-doctoral Research Associate, Dept of Pathobiology, The University of Tennessee, Knoxville, TN, USA Aug 2005 - Dec","2013 - 2020: Assistant Professor, Indian Institute of Science Education and Research Mohali Mohali 140306 Apr 2013 - Nov","Since 2020: Associate Professor, Indian Institute of Science Education and Research Mohali 140306",,"2013: Scientist C, Infectious Disease Biology, Institute of Life Sciences Department of Biotechnology, Govt of India, Bhubaneswar 751023 Oct 2009 - Mar | 2004: Master of Veterinary Science (M.V.Sc.) in Veterinary Immunology CCS Haryana Agricultural University, Hisar, India Aug 1996 - Oct | 2001: Bachelor of Veterinary Science and Animal Husbandry (B.V.Sc and A.H.) CCS Haryana Agricultural University, Hisar, India",Yes,Yes
Shashi Bhushan Pandit,2001 - 2005: | 1998 - 2001:,"Int. , Indian Institute , Bangalore | Int. , Indian Institute , Bangalore","2005 - 2009: Postdoctoral Fellow, Georgia Institute of Technology, USA | 2010 - 2012: Postdoctoral Fellow, CEA, Genoscope, France",,,,"1995 - 1998: B. Sc. (H) Microbiology,  Delhi University",Yes,No
Shravan Kumar Mishra,1999 - 2004:,"Goethe University of Frankfurt, Germany","2004 - 2012: Post-doctoral fellow, Max Planck Institute of Biochemistry, Martinsried (near Munich), Germany.",,,,"Since 2014: Member, The RNA Society (Bethesda) | Since 2016: Member, The Indian Biophysical Society | Since 2016: Member, The Indian Society of Cell Biology | 1997 - 1999: M.Sc. in Biotechnology, MS University of Baroda | 1995 - 1997: B.Sc. in Microbiology and Biochemistry, University of Mumbai (KJ Somaiya college)",Yes,Yes
Soma Maity,,,,,,,,Yes,No
Sourabh Bhattacharya,2008 - 2014:,Indian Institute of Technology Kharagpur,,"2019 - 2020: Assistant Professor, Indian Institute of Technology Bhubaneswar",,,"2015 - 2018: DST-INSPIRE Faculty, University of Delhi | 2014 - 2015: Research Associate, Indian Institute of Science Bangalore | 2006 - 2008: Masters in Geology, M.S. University of Baroda | 2003 - 2006: B.Sc., M.S. University of Baroda",Yes,Yes
Subhabrata Maiti,2008 - 2013:,"Indian Association for the Cultivation , Kolkata",,,,,"2013 - 2017: Marie-Curie Post doctoral fellow, University of Padova, Italy | 2017 - 2018: Post-doc, Pennsylvania State University, USA | 2006 - 2008: M.Sc. (Chemistry) with Org. Chem. Specialization, University of Calcutta | 2003 - 2006: B.Sc. (Chemistry Hons.), Presidency College (University of Calcutta)",Yes,Yes
Sudeshna Sinha,1985 - 1991:,Tata Institute of Fundamental Research (TIFR),,,,"Since 2010: Professor, IISER Mohali | 2019 - 2021: Distinguished Visiting Professor, IIT Bombay | 2009 - 2011: Professor H, The Institute of Mathematical Sciences, Chennai | 2003 - 2009: Professor G, The Institute of Mathematical Sciences, Chennai","Since 2022: Council, Indian National Science Academy (INSA) | Since 2023: Academic Council, Chennai Mathematical Institute | Since 2016: Member, SERB Expert Committee in the area of Physical & Mathematical Sciences | Since 2022: Member, Sectional Committee (Physics) of  Indian Academy of Sciences, Bangalore | Since 2022: Member, Executive Committee of Haryana State Council for Science, Innovation and Technology (HSCSIT) | Since 2024: Member, International Science Council (India) for International Union of Pure and Applied Physics (IUPAP) | Since 2006: Editor,  Chaos: An Interdisciplinary Journal of Nonlinear Science (AIP) | Since 2021: Editorial Board Member,  Pramana - Journal of Physics | Since 2021: Editorial Board Member,  Indian Journal of Physics | Since 2022: Associate Editor,  Communications in Nonlinear Science and Numerical Simulation (Elsevier) | Since 2024: Editorial Board Member,  Proceedings of the Royal Society A: Mathematical, Physical & Engineering Sciences (Royal Society, UK) | 1999 - 2003: Reader F, The Institute of Mathematical Sciences, Chennai | 1996 - 1999: Fellow D, The Institute of Mathematical Sciences, Chennai | 1994 - 1996: Reader, Indian Institute of Astrophysics, Bangalore | 1990 - 1991: Condensed Matter Group, International Centre for Theoretical Physics (ICTP), Trieste, Italy | 1980 - 1985: Five Years Integrated Masters,  Indian Institute of Technology (IIT) Kanpur",Yes,Yes
Sudip Mandal,,,,,,,,No,No
Sugumar Venkataramani,,,"2009 - 2010: Alexander von Humboldt postdoctoral fellow in the group of  Prof. Rainer Herges, Institute for Organic Chemistry, Kiel University, Germany","2013 - 2020: Assistant Professor in the Department of Chemical Sciences at Indian Institute of Science Education and Research (IISER), Mohali","2020: Associate Professor in the Department of Chemical Sciences at Indian Institute of Science Education and Research (IISER), Mohali",,"2011 - 2013: Research Scientist I in the Discovery Unit in Betalactams Synthetic Division at Orchid Chemicals and Pharmaceuticals Ltd., Research & Development Centre, Chennai, India | 2001 - 2003: Research Chemist in the Synthetic Division at Orchid Chemicals and Pharmaceuticals Ltd., Research & Development Centre, Chennai, India. | 2008 - 2009: Postdoc in the group of Prof. Wolfram Sander, Faculty of Organic Chemistry II, Ruhr-University Bochum, Germany. | 2003 - 2007: Doctoral student worked in the thesis entitled “Synthesis and  Characterization of perhydro- and perfluoro-tris(dehydro)benzene triradicals – Matrix isolation infrared spectroscopic and quantum chemical studies” under the guidance of Prof. Wolfram Sander, Faculty of Organic Chemistry II, Ruhr-University Bochum, Germany. | 1999 - 2001: M.Sc., Dept. of Chemistry, Bharathidasan University,  Tiruchirappalli, India. | 2000 - 2001: Master thesis entitled Conformational Preferences of 1,4-Thiazine 1,1-Dioxide Derivatives under Prof.R. Jeyaraman, Dept. of Chemistry, Bharathidasan University,  Tiruchirappalli, India. | 1999: Summer Research Project entitled Photophysical Studies of Acridinedione (ADD) dyes doped in Poly(methylmethaacrylate) (PMMA) matrix under Prof. P. Natarajan at National Centre for Ultra Fast Processes (NCUFP), University of Madras, Chennai, India | 1996 - 1999: B.Sc. (Chemistry), AVC College (Autonomous), Mayiladuthurai (affiliated to Bharathidasan University,  Tiruchirappalli, India).",Yes,Yes
Suman Kumar Barman,2008 - 2014:,IIT Kanpur,,,,,"2014 - 2015: Post Doctoral Fellow, CEA-Grenoble, France | 2016: DST-NPDF, IISER Kolkata | 2016 - 2020: Post Doctoral Fellow, UC Irvine, USA | 2006 - 2008: MSc, IIT Guwahati | 2003 - 2006: BSc, Calcutta University",Yes,No
Sunil A. Patil,2007 - 2011: | 2008 - 2010:,"*, Savitribai Phule Pune University, Pune, India | DAAD  scholar, Institute of Environmental and Sustainable Chemistry, Technische Universität Braunschweig, Germany","2013 - 2016: Marie Skłodowska-Curie postdoctoral fellow, Center of Microbial Ecology and Technology, Faculty of Bioscience Engineering, Ghent University, Ghent, Belgium | 2011 - 2012: Marie Skłodowska-Curie postdoctoral researcher, Institute of Biochemistry and Structural Biology, Center for Molecular Protein Science, Lund University, Sweden","2017 - 2023: Assistant Professor, Indian Institute of Science Education and Research Mohali",,,"2024 - 2027: Expert member, Board of Studies in Biotechnology and Bioinformatics Subjects under the Faculty of Science and Technology of Dr. D. Y. Patil Vidyapeeth, Pimpri, Pune | 2020 - 2024: Elected board member, International Society of Microbial Electrochemistry and Technology (ISMET) | Since 2018: Editorial board member: Bioresource Technology Reports  journal | Since 2020: Associate Editor, Microbiotechnology specialty section of Frontiers in Microbiology, Frontiers in Bioengineering and Biotechnology and Frontiers in Environmental Science journals | 2016 - 2017: Senior Alexander von Humboldt research fellow, Institute of Environmental and Sustainable Chemistry, Technische Universität Braunschweig, Germany | 2005 - 2008: Lecturer, Department of Biotechnology, Tatyasaheb Kore Institute of Engineering and Technology, Warananagar, India | 2003 - 2005: M.Sc. in Microbiology, Shivaji University, Kolhapur, India | 2000 - 2003: B.Sc. (Specialization in Microbiology), Shivaji University, Kolhapur, India",Yes,Yes
Tanusree Khandai,2009:,"() Harish Chandra Research Institute, Prayagraj",,,,,"2001 - 2003: (Masters) University of Mumbai, 2003 | 1997 - 2000: (Bachelors) Miranda House, University of Delhi",Yes,No
Tripta Bhatia,2012:,"Raman Research Institute, Bangalore, India M.Sc. , Patna University B.Sc. : Magadh University",,,,,2012 - 2016: University Of Southern Denmark | 2016 - 2021: Max Planck Institute of Colloids and Interfaces,Yes,Yes
Ujjal K. Gautam,1999 - 2005:,"SSCU, IISc, Bangalore",,"2015 - 2020: Assistant Professor, IISER Mohali","Since 2020: Associate Professor, Department of Chemical Sciences, IISER Mohali",,"2011 - 2015: Ramanujan Fellow, JNCASR Bangalore | 2006 - 2008: PostDoc, NIMS, Tsukuba, Japan | 2008 - 2011: ICYS independent researcher, NIMS Tsukuba, Japan | 1997 - 1999: M.Sc. Chemistry, IIT Delhi | 1994 - 1997: B.Sc. Delhi University",Yes,Yes
V. Rajesh,2005 - 2010:,IIT Madras,,"2013 - 2020: Assistant Professor in History, Department of Humanities and Social Sciences, Indian Institute of Science Education and Research (IISER) Mohali | 2013  : Assistant Professor in History, Centre for Studies in Social Sciences (CSSSC), Calcutta | 2012: Assistant Professor in History, School of Humanities and Sciences, Manipal University Jaipur (MUJ), Jaipur",,,"2024: Affiliate, Madras Institute of Development Studies (MIDS), Chennai | 2023: Fellow, International Centre for Ethnic Studies (ICES), Colombo | 2010 - 2012: Adjunct Faculty, Department of Humanities and Social Sciences, Indian Institute of Technology (IIT) Madras | 2003 - 2004: M.Phil, University of Hyderabad | 2001 - 2003: M.A, University of Hyderabad | 1998 - 2001: B.A, Madras Christian College",Yes,Yes
Vaibhav Vaish,2007 - 2012:,TIFR Mumbai,,,,,"Since 2024: Chief Examination Coordinator, Mathematics Teachers Association (India) | 2012 - 2013: Post Doctoral Fellow, IMSc Chennai | 2013 - 2014: Post Doctoral Fellow, University of Zurich | 2015 - 2015: Post Doctoral Fellow, ENS Lyon | 2016 - 2019: INSPIRE Faculty Fellow, ISI Bangalore. | 2005 - 2007: MSc (Mathematics), TIFR Mumbai | 2000 - 2004: BTech (EE), IIT Kanpur",Yes,Yes
Varadharaj Ravi Srinivasan,2003 - 2009:," University of Oklahoma, USA",,"2009 - 2011: Visiting Assistant Professor, Rutger University, Newark, USA",,,"2012 - 2012: Institute of Mathematical Sciences, Chennai | 2000 - 2002: MS,  IIT Madras | 2003 - 2006: MA, University of Oklahoma, USA | 1997 - 2000: BSc, Madura College, Madurai",Yes,No
Vidya Devi Negi,2004 - 2009:,IISc Bangalore,,"Since 2022: Assistant Professor IISER Mohali | 2014 - 2022: Assistant Professor, NIT Rourkela",,,"2024: external expert IBSC, IIT Mandi HP | 2013 - 2014: UG Biology Instructor IISc Bangalore UG Program | 2012 - 2013: DST-Women Scientist | 2009 - 2010: Post Doc Associate at the University of Vermont, USA | 2002 - 2004: MSc Zoology, HPU Shimla | 1999 - 2002: BSc, Bio-Science, HPU Shimla",Yes,Yes
Vinayak Sinha,2004 - 2007:,"in Natural Sciences, Max Planck Institute for Chemistry, Mainz, Germany and University of Mainz, Germany","2007 - 2010: Post-Doctoral Research Scientist Max Planck Institute for Chemistry, Mainz, Germany",,,"2012: Visiting Professor at  Ecole Mines Douai, France June | 2013: Visiting Professor at Max Planck Institute for Chemistry, Mainz, Germany","Since 2024: Deputy Editor of Global Sustainability, a Cambridge University Press Journal | Since 2019: Scientific Steering Committee Member of 65 year old International Commission on Atmospheric Chemistry and Global Pollution, Canada | Since 2022: Member from India in Environmental Pollution and Atmospheric Chemistry Scientific Steering Committee (EPAC SSC) (Innovation and Research) of United Nation's World Meteorological Organization (WMO), Geneva, Switzerland | Since 2022: Scientific Steering Committee Member of 32 year old International Global Atmospheric Chemistry (IGAC) Project under Future Earth, USA | 2015 - 2020: First Indian Co-chair (2017-2020) and member of the International Scientific Steering Committee of iLEAPS (Integrated Land Ecosystem-Atmosphere Processes Study), an ICSU, WCRP and Future Earth Global Research Project, IPO Office, Oxford, UK | 2010 - 2020: Editor  (Subject: Atmospheric Chemistry and Physics) for Earth System Science Data, an international peer reviewed open access journal (Journal I.F: 11.3 in 2022) published by European Geophysical Union Copernicus Publications, Gottingen, Europe. https://www.earth-system-science-data.net/ June | 2011 - 2016: Head of first Max Planck India Partner Group at IISER Mohali | 2022 - 2004: M.Tech in Analytical Chemistry, IIT Delhi | 1997 - 2022: Integrated BS-MS in Chemistry, Sri Sathya Sai Institute of Higher Learning, Prashantinailayam, Andhra Pradesh, India",Yes,Yes
Vishal Bhardwaj,2006 - 2011:,"Department , Panjab University, India",,"Since 2020: Assistant Professor, IISER Mohali",,,"2016 - 2020: INSPIRE Faculty, IISER Mohali | 2014 - 2016: University of South Carolina, USA | 2014 - 2014: Panjab University, India; | 2011 - 2014: Nara W. University, Nara, Japan | 2004 - 2006: M.Sc. (Hons. School), Department of Physics, Panjab University, India | 2001 - 2004: B.Sc. (Hons. School), Department of Physics, Panjab University, India",Yes,Yes
Yashonidhi Pandey,,,,,,,,No,No
Yogesh Singh,1998 - 2004:,TIFR Mumbai,"2009 - 2011: Humboldt Postdoctoral Fellow, University of Goettingen, Germany | 2005 - 2009: Postdoctoral Research Associate, Ames National Lab, USA","2011 - 2017: Assistant Professor, IISER Mohali","2017 - 2023: Associate Professor, IISER Mohali","2019 - 2020: Visiting Professor, Institute for Solid State Physics, Univ. of Tokyo, Japan | 2012: Visiting Professor, 1st Physics Institute, Univ. of Goettingen, Germany","1996 - 1998: MSc Physics, IIT Kanpur | 1993 - 1996: BSc (Honors in Physics), Aligarh Muslim University",Yes,Yes
Yunus Ali Pulpadan,2011 - 2014:,"The University of Tokyo, Japan","2020 - 2021: Post-Doctoral Researcher, Center for Climate Change Adaptation, National Institute for Environmental Studies, Japan | 2018 - 2020: Post-Doctoral Researcher, State Key Laboratory of Geohazard Prevention and Geoenvironment Protection, Chengdu University of Technology, China | 2014 - 2015: Post-Doctoral Researcher, Graduate School of Frontier Sciences, The University of Tokyo, Japan","Since 2021: Assistant Professor, Indian Institute of Science Education and Research Mohali, India | 2015 - 2018: Assistant Professor, Aligarh Muslim University, India",,,"2007 - 2009: MSc Geoinformatics, Center for Remote Sensing, Bharathidasan University, India | 2004 - 2007: BSc (Hons) Geology, Aligarh Muslim University, India",Yes,Yes
Vinesh Shenoi Naresh,,,,,,,,No,No
Prof. Biman Nath,,,,,,,,No,No
Prof. Madan Rao,,,,,,,,No,No
Dr. Indrajit Lahiri,,,,,,,,No,No
Prof. IBS Passi,,,,,,,,No,No
Prof. Dhruv Raina,,,,,,,,No,No
Prof. Sudesh Kaur Khanduja,1973 - 1978:,"(Mathematics), Panjab University, Chandigarh",,,,"Since 2017: Emeritus Professor, Department of Mathematics Panjab University, Chandigarh | 1998 - 2010: Professor, Dept. of Mathematics, Panjab University, Chandigarh | 2011 - 2015: Professor, Dept. of Mathematical Sciences, IISER Mohali | 2016 - 2016: Visiting Professor, , Dept. of Mathematical Sciences, IISER Mohali. | Since 2017: Emeritus Professor, Dept. of Mathematics, Panjab University, Chandigarh","1978 - 1986: Lecturer , Dept. of Mathematics, Panjab University, Chandigarh | 1986 - 1998: Reader, Dept. of Mathematics, Panjab University, Chandigarh | 2016 - 2019: INSA Senior Scientist, Dept. of Mathematical Sciences, IISER Mohali | 2019 - 2020: CSIR Emeritus Scientist , Dept. of Mathematical Sciences, IISER Mohali | 2020 - 2022: INSA Senior Scientist, Dept. of Mathematical Sciences, IISER Mohali | Since 2022: INSA Honorary Scientist, Dept. of Mathematical Sciences, IISER Mohali | 1971 - 1973: M.A. (Mathematics), Panjab University, Chandigarh | 1968 - 1971: B.A. (Mathematics), Panjab University, Chandigarh",Yes,Yes
Prof. Kapil Hari Paranjape,1982 - 1992:,University of Mumbai (based on work done at TIFR),,"1990 - 1991: Visiting Assistant Professor, Department of Mathematics, University of Chicago, Chicago, U.S.A.","1996 - 2003: Associate Professor, IMSc","2003 - 2011: Professor, IMSc (on long leave from Aug 2009) | 1995 - 1996: Professor, ISI","2023 - 2025: Member (Convenor for 2023 - 2024), Sectional Committee for Mathematical Sciences, Indian National Science Academy, New Delhi | Since 2023: Member of the Editorial Board, University Texts in the Mathematical Sciences, Springer | Since 2022: Member of the Advisory Board, Proceedings -- Mathematical Sciences, Indian Academy of Sciences, Bangalore | Since 2022: INSA Representative in Council of the Indian Statistical Institute | 1993 - 1998: Reader, TIFR (on long leave from Nov. 1995) | 1990: Visiting Member, Max-Planck-Institut für Mathematik, Bonn, Germany | 1989: Exchange Visitor (Indo-French programme), Université de Paris VII, Paris, France | 1989 - 1993: Fellow, TIFR | 1987 - 1989: Research Associate, TIFR | 1982 - 1987: Research Assistant, TIFR | 1977 - 1982: M.Sc. (5-year Integrated), Indian Institute of Technology, Kanpur, India",Yes,Yes
Sohan Ghosh,,,,,,,,No,No
